estimates,type,sample_id
2.000418060997998,beta 0 hat,1000
3.0026828406800656,beta 1 hat,1000
2.000637327386331,beta 0 hat,999
3.002481402813373,beta 1 hat,999
2.0009182541454495,beta 0 hat,998
3.0017444700207943,beta 1 hat,998
2.0004443883335514,beta 0 hat,997
3.001115919508782,beta 1 hat,997
2.0016550009074874,beta 0 hat,996
3.0009586959097274,beta 1 hat,996
2.001540858120933,beta 0 hat,995
3.0003751814188138,beta 1 hat,995
2.0014694646079194,beta 0 hat,994
3.000242851658212,beta 1 hat,994
2.0010690506052837,beta 0 hat,993
3.0003246318880934,beta 1 hat,993
2.00100314285296,beta 0 hat,992
3.0004481591912224,beta 1 hat,992
2.0012836331364823,beta 0 hat,991
3.000985585103687,beta 1 hat,991
2.0013606597296323,beta 0 hat,990
3.000828386659377,beta 1 hat,990
2.0015955162878134,beta 0 hat,989
3.000919027033188,beta 1 hat,989
2.0011858689272617,beta 0 hat,988
3.0010885576145414,beta 1 hat,988
2.001244810829946,beta 0 hat,987
3.0008116920006005,beta 1 hat,987
2.000896961164126,beta 0 hat,986
3.000609067388826,beta 1 hat,986
2.0006532929158456,beta 0 hat,985
3.001138184659578,beta 1 hat,985
2.0003912413302953,beta 0 hat,984
3.0007408444939263,beta 1 hat,984
2.0007401578183055,beta 0 hat,983
3.000518601961411,beta 1 hat,983
2.001532615140797,beta 0 hat,982
2.9999392303173225,beta 1 hat,982
2.001507372675101,beta 0 hat,981
3.000229832487355,beta 1 hat,981
2.001014926462786,beta 0 hat,980
3.0006900296737764,beta 1 hat,980
2.0006395171715305,beta 0 hat,979
3.0008983165457446,beta 1 hat,979
2.0015645729148326,beta 0 hat,978
3.001512289330692,beta 1 hat,978
2.0016108086305517,beta 0 hat,977
3.0011021310836075,beta 1 hat,977
2.0019852870266215,beta 0 hat,976
3.001489597083749,beta 1 hat,976
2.001734639527775,beta 0 hat,975
3.000952346080784,beta 1 hat,975
2.001991550602633,beta 0 hat,974
3.001180835040284,beta 1 hat,974
2.002069461772179,beta 0 hat,973
3.0008119269446323,beta 1 hat,973
2.0021034113322997,beta 0 hat,972
3.0001103854364137,beta 1 hat,972
2.002348405171842,beta 0 hat,971
2.999805050175426,beta 1 hat,971
2.0022741900756533,beta 0 hat,970
2.9997284628682044,beta 1 hat,970
2.002617599731876,beta 0 hat,969
2.999730655527399,beta 1 hat,969
2.002317262619279,beta 0 hat,968
2.999885345853452,beta 1 hat,968
2.001901694386489,beta 0 hat,967
2.9998791633745974,beta 1 hat,967
2.0017046715354634,beta 0 hat,966
3.0000789035441966,beta 1 hat,966
2.0010833880754824,beta 0 hat,965
3.0004455780207087,beta 1 hat,965
2.001596578803749,beta 0 hat,964
3.000963980274034,beta 1 hat,964
2.001157942947695,beta 0 hat,963
3.0008512222278303,beta 1 hat,963
2.0012960672670572,beta 0 hat,962
3.0009554842625246,beta 1 hat,962
2.0009319847013893,beta 0 hat,961
3.0010310712821244,beta 1 hat,961
2.000638525025272,beta 0 hat,960
3.0011428775067097,beta 1 hat,960
2.0002922925812925,beta 0 hat,959
3.0015829851565483,beta 1 hat,959
2.000319785811387,beta 0 hat,958
3.001089233528618,beta 1 hat,958
1.999880865286694,beta 0 hat,957
3.001494822343226,beta 1 hat,957
1.999293132622721,beta 0 hat,956
3.0017442580586393,beta 1 hat,956
1.9997922644854422,beta 0 hat,955
3.0017668729765545,beta 1 hat,955
1.9996638391217758,beta 0 hat,954
3.0017241419876868,beta 1 hat,954
2.000012750828155,beta 0 hat,953
3.0017112263072834,beta 1 hat,953
1.9999342041451915,beta 0 hat,952
3.001448990907881,beta 1 hat,952
1.9999164280637565,beta 0 hat,951
3.0013621713699927,beta 1 hat,951
2.001029250850197,beta 0 hat,950
3.001026293626953,beta 1 hat,950
2.0014047154102754,beta 0 hat,949
3.0005983347332155,beta 1 hat,949
2.0020210336629543,beta 0 hat,948
3.0000385415875424,beta 1 hat,948
2.0020228401171045,beta 0 hat,947
2.99982477577166,beta 1 hat,947
2.0016687488142524,beta 0 hat,946
2.9999751465206117,beta 1 hat,946
2.001895183217162,beta 0 hat,945
3.0003161325537704,beta 1 hat,945
2.0017373611263443,beta 0 hat,944
3.000227230330205,beta 1 hat,944
2.0024638574295013,beta 0 hat,943
3.0004835874685734,beta 1 hat,943
2.0021726929982013,beta 0 hat,942
3.0001066755385506,beta 1 hat,942
2.0021005805546292,beta 0 hat,941
3.000268304282188,beta 1 hat,941
2.0022337452323793,beta 0 hat,940
3.0007422178443584,beta 1 hat,940
2.002633189647976,beta 0 hat,939
3.0007271465394507,beta 1 hat,939
2.002443309217802,beta 0 hat,938
3.000880452775648,beta 1 hat,938
2.0017589456409404,beta 0 hat,937
3.000354766342038,beta 1 hat,937
2.001598174762239,beta 0 hat,936
3.0006906415505235,beta 1 hat,936
2.001343978090669,beta 0 hat,935
3.0003925168038093,beta 1 hat,935
2.001235758427563,beta 0 hat,934
3.000524201713423,beta 1 hat,934
2.0021711897148187,beta 0 hat,933
3.0003950936929007,beta 1 hat,933
2.0029768188267325,beta 0 hat,932
3.0008405673631824,beta 1 hat,932
2.002538404278422,beta 0 hat,931
3.000222482279901,beta 1 hat,931
2.00282405526686,beta 0 hat,930
3.0001345423040466,beta 1 hat,930
2.002645343022942,beta 0 hat,929
3.0002752533493977,beta 1 hat,929
2.002755607705799,beta 0 hat,928
3.0003208866397895,beta 1 hat,928
2.002609850083428,beta 0 hat,927
3.0007464578587273,beta 1 hat,927
2.00278363566664,beta 0 hat,926
3.001389701426032,beta 1 hat,926
2.001834382391982,beta 0 hat,925
3.0015121090535017,beta 1 hat,925
2.00111536685075,beta 0 hat,924
3.0007539023593717,beta 1 hat,924
2.00168864737834,beta 0 hat,923
3.0008448256532967,beta 1 hat,923
2.001826312568177,beta 0 hat,922
3.0003778015832334,beta 1 hat,922
2.001710661250286,beta 0 hat,921
3.0012839518291066,beta 1 hat,921
2.0012675501993176,beta 0 hat,920
3.001036109061119,beta 1 hat,920
2.000861558641659,beta 0 hat,919
3.0005764452658905,beta 1 hat,919
2.0008996047512038,beta 0 hat,918
3.000592484867374,beta 1 hat,918
2.001106978498673,beta 0 hat,917
3.001181971111835,beta 1 hat,917
2.0013754635168044,beta 0 hat,916
3.001202890988728,beta 1 hat,916
2.0011387595791232,beta 0 hat,915
3.0013058676678095,beta 1 hat,915
2.0018287935242802,beta 0 hat,914
3.001330317995245,beta 1 hat,914
2.0024940846762793,beta 0 hat,913
3.001143374226617,beta 1 hat,913
2.001728396495933,beta 0 hat,912
3.0008074499890727,beta 1 hat,912
2.001499433735042,beta 0 hat,911
3.0010510340252385,beta 1 hat,911
2.001607980374814,beta 0 hat,910
3.0007443858532072,beta 1 hat,910
2.0014021510220004,beta 0 hat,909
3.0008855766812594,beta 1 hat,909
2.001052135146912,beta 0 hat,908
3.0002136831314434,beta 1 hat,908
2.0008934159154426,beta 0 hat,907
2.9996606713304304,beta 1 hat,907
2.001850624824457,beta 0 hat,906
2.9998088221728714,beta 1 hat,906
2.0017908525527996,beta 0 hat,905
2.999675528153721,beta 1 hat,905
2.0017981788320722,beta 0 hat,904
2.9993685635339196,beta 1 hat,904
2.002172378909115,beta 0 hat,903
2.999202081020267,beta 1 hat,903
2.002777060065468,beta 0 hat,902
2.999994888128483,beta 1 hat,902
2.0025361044884558,beta 0 hat,901
3.0006556848449843,beta 1 hat,901
2.0032988873244,beta 0 hat,900
2.9996272773462564,beta 1 hat,900
2.0033210347735513,beta 0 hat,899
2.9997082312517316,beta 1 hat,899
2.0037061402485334,beta 0 hat,898
2.9997471578463886,beta 1 hat,898
2.0035319898498107,beta 0 hat,897
2.999025731743957,beta 1 hat,897
2.004101609250761,beta 0 hat,896
2.998611249583509,beta 1 hat,896
2.004397119361777,beta 0 hat,895
2.99886953751132,beta 1 hat,895
2.0042091832892934,beta 0 hat,894
2.9986346898514395,beta 1 hat,894
2.003470755988915,beta 0 hat,893
2.998700927000686,beta 1 hat,893
2.003217724534573,beta 0 hat,892
2.9986990598610856,beta 1 hat,892
2.002685178091093,beta 0 hat,891
2.998863299327422,beta 1 hat,891
2.0017616732486143,beta 0 hat,890
2.9984571548788277,beta 1 hat,890
2.001340856406575,beta 0 hat,889
2.9983718911338038,beta 1 hat,889
2.0010223042546524,beta 0 hat,888
2.998204755392538,beta 1 hat,888
2.000753353867482,beta 0 hat,887
2.997679086447653,beta 1 hat,887
2.0006570214441606,beta 0 hat,886
2.9979330840813323,beta 1 hat,886
2.0007120297976018,beta 0 hat,885
2.997783095981135,beta 1 hat,885
2.0011543605032096,beta 0 hat,884
2.99775593235296,beta 1 hat,884
2.001755195819134,beta 0 hat,883
2.998181178613844,beta 1 hat,883
2.0012334864202694,beta 0 hat,882
2.998429323575076,beta 1 hat,882
2.0017317543369715,beta 0 hat,881
2.99875400900154,beta 1 hat,881
2.0010433820245037,beta 0 hat,880
2.9986330569513697,beta 1 hat,880
2.0012315148548545,beta 0 hat,879
2.9983720838440657,beta 1 hat,879
2.0012211743351545,beta 0 hat,878
2.998588049755236,beta 1 hat,878
2.0002301045017576,beta 0 hat,877
2.9989533779080815,beta 1 hat,877
2.0002085210226146,beta 0 hat,876
2.9999256157392034,beta 1 hat,876
2.000003251465493,beta 0 hat,875
2.9994659417143676,beta 1 hat,875
1.9988140087645734,beta 0 hat,874
2.999646800893866,beta 1 hat,874
1.9989575175806595,beta 0 hat,873
2.9997019695918654,beta 1 hat,873
1.9989119281744245,beta 0 hat,872
2.9995282401153607,beta 1 hat,872
1.9993522056436817,beta 0 hat,871
2.9990489050473084,beta 1 hat,871
1.9993642520830956,beta 0 hat,870
2.999141181105913,beta 1 hat,870
1.9993079862415912,beta 0 hat,869
2.9995256376719945,beta 1 hat,869
1.9991995513953782,beta 0 hat,868
2.999506535170366,beta 1 hat,868
1.9994521113944526,beta 0 hat,867
2.999621614423801,beta 1 hat,867
1.9991610090089675,beta 0 hat,866
2.999907376200158,beta 1 hat,866
1.9991989307805282,beta 0 hat,865
2.9993853896982157,beta 1 hat,865
1.9995491556828653,beta 0 hat,864
2.999005906130779,beta 1 hat,864
1.999360063109915,beta 0 hat,863
2.9993595902358403,beta 1 hat,863
1.9989671883384073,beta 0 hat,862
2.9992771368522813,beta 1 hat,862
1.9994355661930998,beta 0 hat,861
2.9991353855981266,beta 1 hat,861
1.9979073450121037,beta 0 hat,860
2.9992948673700224,beta 1 hat,860
1.99746328105449,beta 0 hat,859
2.998530743522631,beta 1 hat,859
1.996085430839422,beta 0 hat,858
2.997740213312957,beta 1 hat,858
1.99688188277475,beta 0 hat,857
2.9978363597603135,beta 1 hat,857
1.9975958269455991,beta 0 hat,856
2.997413305930915,beta 1 hat,856
1.9971690544937333,beta 0 hat,855
2.9978889962075117,beta 1 hat,855
1.9977247920656842,beta 0 hat,854
2.9985711399774027,beta 1 hat,854
1.9971921136968789,beta 0 hat,853
2.998246323701536,beta 1 hat,853
1.997419522340363,beta 0 hat,852
2.9981499497833926,beta 1 hat,852
1.997439257416687,beta 0 hat,851
2.9984248125521162,beta 1 hat,851
1.9976885568431835,beta 0 hat,850
2.9982310866087483,beta 1 hat,850
1.9974358318493812,beta 0 hat,849
2.9979830569673487,beta 1 hat,849
1.9987277772021799,beta 0 hat,848
2.9980630623175886,beta 1 hat,848
1.9989910911725068,beta 0 hat,847
2.997928405139209,beta 1 hat,847
1.9993307242836584,beta 0 hat,846
2.9980333428435846,beta 1 hat,846
1.999324953834081,beta 0 hat,845
2.9975200131735584,beta 1 hat,845
1.998413411684547,beta 0 hat,844
2.9963828774559924,beta 1 hat,844
1.9982708794454553,beta 0 hat,843
2.9967414901458316,beta 1 hat,843
1.9992165919743425,beta 0 hat,842
2.9966306010778045,beta 1 hat,842
1.9989691870867634,beta 0 hat,841
2.9962402834758084,beta 1 hat,841
1.9997046482034608,beta 0 hat,840
2.996474897190073,beta 1 hat,840
2.000555259610588,beta 0 hat,839
2.9962701663334848,beta 1 hat,839
2.001310178187163,beta 0 hat,838
2.9965770525581985,beta 1 hat,838
2.001566166380365,beta 0 hat,837
2.996726327355467,beta 1 hat,837
2.0009060794141207,beta 0 hat,836
2.99675578844372,beta 1 hat,836
2.00111468580125,beta 0 hat,835
2.996198703282122,beta 1 hat,835
2.0009049264765366,beta 0 hat,834
2.9955592264038344,beta 1 hat,834
2.0007919042892417,beta 0 hat,833
2.9960015057746108,beta 1 hat,833
2.001062097393999,beta 0 hat,832
2.996154824499434,beta 1 hat,832
2.0015063497744783,beta 0 hat,831
2.9965708245122262,beta 1 hat,831
2.0012178428266796,beta 0 hat,830
2.9961693663273556,beta 1 hat,830
2.001504583240723,beta 0 hat,829
2.9960936145824295,beta 1 hat,829
2.002029726931839,beta 0 hat,828
2.9961595365671214,beta 1 hat,828
2.0021590739766246,beta 0 hat,827
2.996433847563867,beta 1 hat,827
2.0021579293683494,beta 0 hat,826
2.996980406240303,beta 1 hat,826
2.002531906200996,beta 0 hat,825
2.9970571220559132,beta 1 hat,825
2.0024755850542975,beta 0 hat,824
2.997317344553999,beta 1 hat,824
2.002572338907741,beta 0 hat,823
2.997403843040154,beta 1 hat,823
2.0018638257022965,beta 0 hat,822
2.9972709601667624,beta 1 hat,822
2.001942542481332,beta 0 hat,821
2.996953938867503,beta 1 hat,821
2.0025209065443503,beta 0 hat,820
2.9965534637253683,beta 1 hat,820
2.003250951388278,beta 0 hat,819
2.9962638537210333,beta 1 hat,819
2.0022479941423987,beta 0 hat,818
2.995717051301315,beta 1 hat,818
2.002542074544179,beta 0 hat,817
2.995698329236277,beta 1 hat,817
2.0027730645433492,beta 0 hat,816
2.9958165589973382,beta 1 hat,816
2.002688883563184,beta 0 hat,815
2.995684814323427,beta 1 hat,815
2.0024873933836074,beta 0 hat,814
2.9955527060827283,beta 1 hat,814
2.0022541051001115,beta 0 hat,813
2.9951021853341913,beta 1 hat,813
2.0026763648166797,beta 0 hat,812
2.995461818756843,beta 1 hat,812
2.0016482718349606,beta 0 hat,811
2.9951082034467804,beta 1 hat,811
2.001646621798296,beta 0 hat,810
2.994456750055063,beta 1 hat,810
2.0013643765796227,beta 0 hat,809
2.9943719419537214,beta 1 hat,809
2.000713696317404,beta 0 hat,808
2.9941936746146243,beta 1 hat,808
2.0005016712987937,beta 0 hat,807
2.9942520157382355,beta 1 hat,807
2.0013247269526238,beta 0 hat,806
2.9945726957304974,beta 1 hat,806
2.0021130141512957,beta 0 hat,805
2.9942759470369227,beta 1 hat,805
2.0024018992617196,beta 0 hat,804
2.9941697362153037,beta 1 hat,804
2.002648243147374,beta 0 hat,803
2.993879149575712,beta 1 hat,803
2.0030508067230364,beta 0 hat,802
2.994039055527245,beta 1 hat,802
2.0037598450439646,beta 0 hat,801
2.994028418000111,beta 1 hat,801
2.0040823483848835,beta 0 hat,800
2.994332096937334,beta 1 hat,800
2.0040943589788394,beta 0 hat,799
2.9942080470665164,beta 1 hat,799
2.003599726430485,beta 0 hat,798
2.9935014234089197,beta 1 hat,798
2.0038042069984527,beta 0 hat,797
2.993561737841636,beta 1 hat,797
2.00321175643303,beta 0 hat,796
2.9936044193542632,beta 1 hat,796
2.003376071961713,beta 0 hat,795
2.9932405728834586,beta 1 hat,795
2.0026169584271196,beta 0 hat,794
2.993401156910006,beta 1 hat,794
2.002708388851138,beta 0 hat,793
2.993635995793208,beta 1 hat,793
2.0023160593786247,beta 0 hat,792
2.994918911118246,beta 1 hat,792
2.001858073577238,beta 0 hat,791
2.9952097696072593,beta 1 hat,791
2.0027853849581976,beta 0 hat,790
2.995593639492427,beta 1 hat,790
2.0032978486614215,beta 0 hat,789
2.995531006846023,beta 1 hat,789
2.003374247606204,beta 0 hat,788
2.9952365521921758,beta 1 hat,788
2.0034049721831266,beta 0 hat,787
2.9951680221032726,beta 1 hat,787
2.0032240667278187,beta 0 hat,786
2.9952950379701813,beta 1 hat,786
2.003188599622129,beta 0 hat,785
2.994363314065492,beta 1 hat,785
2.0029661410018513,beta 0 hat,784
2.994350755905067,beta 1 hat,784
2.0035691603505845,beta 0 hat,783
2.993934042159263,beta 1 hat,783
2.0037056796741726,beta 0 hat,782
2.994049993216213,beta 1 hat,782
2.0041632251419492,beta 0 hat,781
2.994615783806708,beta 1 hat,781
2.0044981723411226,beta 0 hat,780
2.9941778359995412,beta 1 hat,780
2.0043430180977455,beta 0 hat,779
2.994193732027018,beta 1 hat,779
2.0039678973424446,beta 0 hat,778
2.9945142675974994,beta 1 hat,778
2.0044115093034964,beta 0 hat,777
2.9945162883372447,beta 1 hat,777
2.003944633273421,beta 0 hat,776
2.9945521687620564,beta 1 hat,776
2.0044755309760025,beta 0 hat,775
2.9941642295398045,beta 1 hat,775
2.004198930861122,beta 0 hat,774
2.994579409086938,beta 1 hat,774
2.005014919143082,beta 0 hat,773
2.9939789519676663,beta 1 hat,773
2.0051165954027956,beta 0 hat,772
2.9939011954823385,beta 1 hat,772
2.003932159972225,beta 0 hat,771
2.993466492096673,beta 1 hat,771
2.003474962427716,beta 0 hat,770
2.993309964041439,beta 1 hat,770
2.0042173637234932,beta 0 hat,769
2.99367870660548,beta 1 hat,769
2.005556633567579,beta 0 hat,768
2.994416568621606,beta 1 hat,768
2.005605993065392,beta 0 hat,767
2.9944045075261303,beta 1 hat,767
2.004142107583207,beta 0 hat,766
2.9946743101706543,beta 1 hat,766
2.004705984404621,beta 0 hat,765
2.994352288110862,beta 1 hat,765
2.0049469216624893,beta 0 hat,764
2.994331950904964,beta 1 hat,764
2.0040216495502405,beta 0 hat,763
2.994435795305648,beta 1 hat,763
2.0038862221929823,beta 0 hat,762
2.994544203474533,beta 1 hat,762
2.0035615323786224,beta 0 hat,761
2.994391895195222,beta 1 hat,761
2.00334854564345,beta 0 hat,760
2.9945076446516077,beta 1 hat,760
2.00339293580064,beta 0 hat,759
2.994119225326617,beta 1 hat,759
2.0034845235393033,beta 0 hat,758
2.9943769567252136,beta 1 hat,758
2.0026600869991085,beta 0 hat,757
2.994595584119266,beta 1 hat,757
2.0017438143392474,beta 0 hat,756
2.9949083618946943,beta 1 hat,756
2.0013520753204044,beta 0 hat,755
2.9952309979559235,beta 1 hat,755
2.0012712824689367,beta 0 hat,754
2.995450676966561,beta 1 hat,754
2.0015176736425797,beta 0 hat,753
2.995789482568824,beta 1 hat,753
2.0014918294733546,beta 0 hat,752
2.9959228133695786,beta 1 hat,752
2.0007774154875566,beta 0 hat,751
2.996187919636562,beta 1 hat,751
2.0003911128596568,beta 0 hat,750
2.997313067741245,beta 1 hat,750
1.9993272503169737,beta 0 hat,749
2.997512390603554,beta 1 hat,749
1.9997686875278942,beta 0 hat,748
2.998081427777314,beta 1 hat,748
1.9997006605108165,beta 0 hat,747
2.998804882855716,beta 1 hat,747
2.0003778046179703,beta 0 hat,746
2.999344647999819,beta 1 hat,746
2.000406016688113,beta 0 hat,745
2.999595823528424,beta 1 hat,745
1.9999505822567125,beta 0 hat,744
2.9994245507386856,beta 1 hat,744
2.0005743002496845,beta 0 hat,743
3.0000220132076776,beta 1 hat,743
1.9993788022494585,beta 0 hat,742
3.000513988802911,beta 1 hat,742
2.000053680729235,beta 0 hat,741
3.0006134866130276,beta 1 hat,741
1.999857167609369,beta 0 hat,740
3.000996065888499,beta 1 hat,740
2.0000930312925447,beta 0 hat,739
3.00034896275148,beta 1 hat,739
1.9993110585724017,beta 0 hat,738
2.999890849497117,beta 1 hat,738
1.9998505441688545,beta 0 hat,737
2.999801523185295,beta 1 hat,737
1.9995983188281743,beta 0 hat,736
2.999625856608355,beta 1 hat,736
1.9999831599330682,beta 0 hat,735
2.999241957626208,beta 1 hat,735
1.9994041041376807,beta 0 hat,734
2.998498387193029,beta 1 hat,734
1.9992878309915385,beta 0 hat,733
2.998082251732131,beta 1 hat,733
1.9995143792032462,beta 0 hat,732
2.998467911799386,beta 1 hat,732
1.9997757861951135,beta 0 hat,731
2.997642199514583,beta 1 hat,731
1.9986046964374724,beta 0 hat,730
2.997259097764035,beta 1 hat,730
1.9981057322266094,beta 0 hat,729
2.9972887841238114,beta 1 hat,729
1.9992500386132583,beta 0 hat,728
2.996765328201983,beta 1 hat,728
1.9990614751292888,beta 0 hat,727
2.996315858966196,beta 1 hat,727
1.999324591830801,beta 0 hat,726
2.995818796591656,beta 1 hat,726
1.999327111286668,beta 0 hat,725
2.9965717136015586,beta 1 hat,725
2.0000003595595492,beta 0 hat,724
2.9967862004262065,beta 1 hat,724
2.000057917517714,beta 0 hat,723
2.9969437845058917,beta 1 hat,723
1.9996614751133892,beta 0 hat,722
2.997005542267108,beta 1 hat,722
1.9997339505168723,beta 0 hat,721
2.9973896150919543,beta 1 hat,721
2.000161256641672,beta 0 hat,720
2.99828045087458,beta 1 hat,720
2.00052817450567,beta 0 hat,719
2.9992488873273633,beta 1 hat,719
2.0006349820876084,beta 0 hat,718
2.9983456794521968,beta 1 hat,718
1.9993971976261067,beta 0 hat,717
2.9978604984176855,beta 1 hat,717
1.9993533490401798,beta 0 hat,716
2.998164306121528,beta 1 hat,716
1.9997180594204242,beta 0 hat,715
2.9986573747999508,beta 1 hat,715
2.000060765760115,beta 0 hat,714
2.997928200243027,beta 1 hat,714
2.000202086496729,beta 0 hat,713
2.9981722181543775,beta 1 hat,713
2.0005061634840033,beta 0 hat,712
2.9988181792856343,beta 1 hat,712
2.000158618241985,beta 0 hat,711
2.9985567046430948,beta 1 hat,711
2.0005124240863643,beta 0 hat,710
2.998565494250366,beta 1 hat,710
2.0015883889916566,beta 0 hat,709
2.998410997852153,beta 1 hat,709
2.0011307864256973,beta 0 hat,708
2.9981955589141993,beta 1 hat,708
2.000612904882201,beta 0 hat,707
2.998430527227239,beta 1 hat,707
1.9997813713230164,beta 0 hat,706
2.9993216224529724,beta 1 hat,706
1.999731306476316,beta 0 hat,705
2.9989638465314616,beta 1 hat,705
1.999110537320806,beta 0 hat,704
2.9991800638019503,beta 1 hat,704
1.9995279316404304,beta 0 hat,703
2.998999368621406,beta 1 hat,703
1.9994729186051465,beta 0 hat,702
2.9984296994315143,beta 1 hat,702
2.0000749295492777,beta 0 hat,701
2.9985608644372483,beta 1 hat,701
1.9988340618032228,beta 0 hat,700
2.998397951234294,beta 1 hat,700
1.9982269386273945,beta 0 hat,699
2.9991482605268334,beta 1 hat,699
1.9978981308567834,beta 0 hat,698
2.999315549457216,beta 1 hat,698
1.9983331726430351,beta 0 hat,697
2.9993483168381645,beta 1 hat,697
1.9990412564640505,beta 0 hat,696
2.9994070121801246,beta 1 hat,696
1.9991022040711575,beta 0 hat,695
2.999058618433133,beta 1 hat,695
2.0002165299982924,beta 0 hat,694
2.999080655951123,beta 1 hat,694
2.000055615991803,beta 0 hat,693
3.0000051100451213,beta 1 hat,693
1.999932132586582,beta 0 hat,692
2.9999534114418798,beta 1 hat,692
2.0005040717682765,beta 0 hat,691
2.999652914881383,beta 1 hat,691
2.00086550098045,beta 0 hat,690
2.998319413657375,beta 1 hat,690
2.000878720137806,beta 0 hat,689
2.9984734445722565,beta 1 hat,689
2.0008987697158926,beta 0 hat,688
2.9984796093528634,beta 1 hat,688
2.0016196282512633,beta 0 hat,687
2.998280369001943,beta 1 hat,687
2.001061189803491,beta 0 hat,686
2.9982843700317217,beta 1 hat,686
2.001921768042633,beta 0 hat,685
2.9988516287952742,beta 1 hat,685
2.0026495967558167,beta 0 hat,684
2.999288676756808,beta 1 hat,684
2.003051698863766,beta 0 hat,683
2.9991992124794704,beta 1 hat,683
2.0020243942325413,beta 0 hat,682
2.9994091287159526,beta 1 hat,682
2.0025945701851477,beta 0 hat,681
2.999389350488042,beta 1 hat,681
2.00344582187479,beta 0 hat,680
2.999649031420109,beta 1 hat,680
2.0029024732609506,beta 0 hat,679
2.999027889400999,beta 1 hat,679
2.0022969266573445,beta 0 hat,678
2.999198121732172,beta 1 hat,678
2.002078881661193,beta 0 hat,677
2.9992296609035654,beta 1 hat,677
2.001251203655703,beta 0 hat,676
2.9999467265253394,beta 1 hat,676
2.001184503159501,beta 0 hat,675
3.0007444329264037,beta 1 hat,675
2.001980088679241,beta 0 hat,674
2.999637458689689,beta 1 hat,674
2.00239420331963,beta 0 hat,673
2.9994460926472004,beta 1 hat,673
2.002197053209547,beta 0 hat,672
2.9990307047108975,beta 1 hat,672
2.001420624867821,beta 0 hat,671
2.998811325265541,beta 1 hat,671
2.0008531072026328,beta 0 hat,670
2.9989849486355076,beta 1 hat,670
2.000036715362846,beta 0 hat,669
2.997409980820377,beta 1 hat,669
1.9993530930709373,beta 0 hat,668
2.997332327696092,beta 1 hat,668
2.0000810766510293,beta 0 hat,667
2.996904550844677,beta 1 hat,667
2.00050887670616,beta 0 hat,666
2.9956909941858427,beta 1 hat,666
2.0005985152790133,beta 0 hat,665
2.995927869885455,beta 1 hat,665
2.000214688336177,beta 0 hat,664
2.996256859629819,beta 1 hat,664
2.001299313842265,beta 0 hat,663
2.9964938773913796,beta 1 hat,663
2.000153869675914,beta 0 hat,662
2.997101288854768,beta 1 hat,662
2.0003603973125337,beta 0 hat,661
2.998564799175553,beta 1 hat,661
2.0006133498778285,beta 0 hat,660
2.998600619477397,beta 1 hat,660
2.0002740501863405,beta 0 hat,659
2.9988623133536945,beta 1 hat,659
1.9995980171880798,beta 0 hat,658
2.998839332218861,beta 1 hat,658
1.999533037216244,beta 0 hat,657
2.9981160787254653,beta 1 hat,657
1.9996693810161148,beta 0 hat,656
2.9985481663716214,beta 1 hat,656
1.9993968365806543,beta 0 hat,655
2.997482045595355,beta 1 hat,655
1.9984323168747544,beta 0 hat,654
2.998192071794818,beta 1 hat,654
1.9976505896595633,beta 0 hat,653
2.9984318273019057,beta 1 hat,653
1.9981612684739096,beta 0 hat,652
2.9981645515170463,beta 1 hat,652
1.9977417403940827,beta 0 hat,651
2.9977716912385346,beta 1 hat,651
1.9971896195523164,beta 0 hat,650
2.998796257325006,beta 1 hat,650
1.9973426087543242,beta 0 hat,649
2.9985545712191035,beta 1 hat,649
1.9968964459568213,beta 0 hat,648
2.9987548734681706,beta 1 hat,648
1.9975670948830095,beta 0 hat,647
2.9993501867568773,beta 1 hat,647
1.9967161151771036,beta 0 hat,646
2.998985171362113,beta 1 hat,646
1.997217020023319,beta 0 hat,645
2.999234128753116,beta 1 hat,645
1.9969017283700072,beta 0 hat,644
3.0000024119535635,beta 1 hat,644
1.9965595458634948,beta 0 hat,643
3.0004563205919705,beta 1 hat,643
1.9973615432669458,beta 0 hat,642
3.0008592858222705,beta 1 hat,642
1.997650120436896,beta 0 hat,641
3.0016213778235286,beta 1 hat,641
1.997947147494856,beta 0 hat,640
3.000507001351526,beta 1 hat,640
1.9971350181839536,beta 0 hat,639
2.9998965721072652,beta 1 hat,639
1.9973784924733755,beta 0 hat,638
2.9978504125896346,beta 1 hat,638
1.9973980062366066,beta 0 hat,637
2.9980088556407334,beta 1 hat,637
1.996561350601707,beta 0 hat,636
2.9977347252054383,beta 1 hat,636
1.996607987811163,beta 0 hat,635
2.997678334508658,beta 1 hat,635
1.9964314934553102,beta 0 hat,634
2.9969458289178617,beta 1 hat,634
1.9955579911861618,beta 0 hat,633
2.9969509109471577,beta 1 hat,633
1.9959748257674512,beta 0 hat,632
2.996764445496222,beta 1 hat,632
1.9958234735975133,beta 0 hat,631
2.997274947672589,beta 1 hat,631
1.9960275474613098,beta 0 hat,630
2.9975063371348716,beta 1 hat,630
1.9964241120232895,beta 0 hat,629
2.9983550127011083,beta 1 hat,629
1.99625383549736,beta 0 hat,628
2.9984972618033523,beta 1 hat,628
1.9968337102009426,beta 0 hat,627
2.9980934513125432,beta 1 hat,627
1.9959405867323838,beta 0 hat,626
2.997585069722737,beta 1 hat,626
1.9964623958034073,beta 0 hat,625
2.9975809712753945,beta 1 hat,625
1.9961957254605982,beta 0 hat,624
2.997811575397502,beta 1 hat,624
1.9950571029190243,beta 0 hat,623
2.9982182072747148,beta 1 hat,623
1.994145046297802,beta 0 hat,622
2.997281877444029,beta 1 hat,622
1.994043585633921,beta 0 hat,621
2.9978635518232504,beta 1 hat,621
1.9932580614890054,beta 0 hat,620
2.9972948376527295,beta 1 hat,620
1.9919878273824085,beta 0 hat,619
2.9979558266582935,beta 1 hat,619
1.9929444339641367,beta 0 hat,618
2.9978326418630457,beta 1 hat,618
1.99335385079584,beta 0 hat,617
2.9975864889214385,beta 1 hat,617
1.9939197368162598,beta 0 hat,616
2.9974263643795704,beta 1 hat,616
1.994053495987905,beta 0 hat,615
2.9974699917145995,beta 1 hat,615
1.993305385100887,beta 0 hat,614
2.9972170000080913,beta 1 hat,614
1.9924394580301825,beta 0 hat,613
2.9964732530605263,beta 1 hat,613
1.9920928953690489,beta 0 hat,612
2.996708069402574,beta 1 hat,612
1.992335412152818,beta 0 hat,611
2.9966757787167824,beta 1 hat,611
1.9906863830042427,beta 0 hat,610
2.9960895638828178,beta 1 hat,610
1.9903543123797685,beta 0 hat,609
2.9958085374325667,beta 1 hat,609
1.9894586881353047,beta 0 hat,608
2.9962941730534443,beta 1 hat,608
1.9890954631760855,beta 0 hat,607
2.9954330531041937,beta 1 hat,607
1.9886425528744756,beta 0 hat,606
2.9951841909861696,beta 1 hat,606
1.988277823123304,beta 0 hat,605
2.99495863421099,beta 1 hat,605
1.9867241710917474,beta 0 hat,604
2.9945303740582423,beta 1 hat,604
1.9883191418592339,beta 0 hat,603
2.9942338952612397,beta 1 hat,603
1.9889441008236275,beta 0 hat,602
2.994603544524012,beta 1 hat,602
1.9895642289440942,beta 0 hat,601
2.995597850222692,beta 1 hat,601
1.989585102102046,beta 0 hat,600
2.996009477190538,beta 1 hat,600
1.9901666714459438,beta 0 hat,599
2.9963213715937456,beta 1 hat,599
1.989896450880076,beta 0 hat,598
2.9968373271216033,beta 1 hat,598
1.9890607555845021,beta 0 hat,597
2.997355183064302,beta 1 hat,597
1.988946181977197,beta 0 hat,596
2.9975958541471805,beta 1 hat,596
1.9881694316185121,beta 0 hat,595
2.996590789747344,beta 1 hat,595
1.987166808416497,beta 0 hat,594
2.9961357237430986,beta 1 hat,594
1.9870085807997437,beta 0 hat,593
2.996111615461966,beta 1 hat,593
1.9878352453365828,beta 0 hat,592
2.995201180426037,beta 1 hat,592
1.9879230882441514,beta 0 hat,591
2.99535125228937,beta 1 hat,591
1.9877821136206069,beta 0 hat,590
2.9954324131454744,beta 1 hat,590
1.9874094914183462,beta 0 hat,589
2.995418391721901,beta 1 hat,589
1.9877814922523065,beta 0 hat,588
2.995324834602745,beta 1 hat,588
1.987254919983502,beta 0 hat,587
2.9950881531508995,beta 1 hat,587
1.9869241169290615,beta 0 hat,586
2.9955141272212393,beta 1 hat,586
1.987188814496026,beta 0 hat,585
2.9956038241289904,beta 1 hat,585
1.987686979668825,beta 0 hat,584
2.995963541697554,beta 1 hat,584
1.9880210134442042,beta 0 hat,583
2.996296241282516,beta 1 hat,583
1.98764340823307,beta 0 hat,582
2.996358378641372,beta 1 hat,582
1.9881277575467886,beta 0 hat,581
2.996110812723595,beta 1 hat,581
1.9878768634079935,beta 0 hat,580
2.996544577076705,beta 1 hat,580
1.9863608044535332,beta 0 hat,579
2.9964955744505413,beta 1 hat,579
1.9874813571660197,beta 0 hat,578
2.9968334229850813,beta 1 hat,578
1.9882271358292343,beta 0 hat,577
2.9971267778260917,beta 1 hat,577
1.9897431091910651,beta 0 hat,576
2.9949387277350596,beta 1 hat,576
1.9901688694241966,beta 0 hat,575
2.9951667499676464,beta 1 hat,575
1.9908173818349304,beta 0 hat,574
2.9953720893390994,beta 1 hat,574
1.9907642465760031,beta 0 hat,573
2.995929374610338,beta 1 hat,573
1.9916709960521353,beta 0 hat,572
2.9964907375564374,beta 1 hat,572
1.9912559404284396,beta 0 hat,571
2.996611760460538,beta 1 hat,571
1.9915272043762557,beta 0 hat,570
2.9953762063604525,beta 1 hat,570
1.9912741709660857,beta 0 hat,569
2.99555707989758,beta 1 hat,569
1.9899676180033905,beta 0 hat,568
2.994960323017317,beta 1 hat,568
1.9892789159248618,beta 0 hat,567
2.9954221561145244,beta 1 hat,567
1.9896699614959152,beta 0 hat,566
2.995986757868347,beta 1 hat,566
1.9876737148938182,beta 0 hat,565
2.995357154351169,beta 1 hat,565
1.987771262091053,beta 0 hat,564
2.9951405536223987,beta 1 hat,564
1.9873660252557963,beta 0 hat,563
2.9952576814762693,beta 1 hat,563
1.9881608308287955,beta 0 hat,562
2.9954047151630356,beta 1 hat,562
1.988212903411284,beta 0 hat,561
2.994925457520269,beta 1 hat,561
1.9899415781126422,beta 0 hat,560
2.9956079026534423,beta 1 hat,560
1.9895440988911388,beta 0 hat,559
2.9964941385755854,beta 1 hat,559
1.9887740735000015,beta 0 hat,558
2.996287395383621,beta 1 hat,558
1.989459525854923,beta 0 hat,557
2.995501037864798,beta 1 hat,557
1.9888560835564666,beta 0 hat,556
2.995240048109167,beta 1 hat,556
1.9886584081565146,beta 0 hat,555
2.9960322615074118,beta 1 hat,555
1.9887044483799483,beta 0 hat,554
2.995274345478461,beta 1 hat,554
1.987109661289413,beta 0 hat,553
2.994395280780295,beta 1 hat,553
1.9864159900040468,beta 0 hat,552
2.9945319708410576,beta 1 hat,552
1.9868163043383766,beta 0 hat,551
2.994311794972503,beta 1 hat,551
1.9864446897973635,beta 0 hat,550
2.9951308830264356,beta 1 hat,550
1.9872406977023227,beta 0 hat,549
2.9955694989158963,beta 1 hat,549
1.9870262578490534,beta 0 hat,548
2.996300689655142,beta 1 hat,548
1.985790293717601,beta 0 hat,547
2.997279410463686,beta 1 hat,547
1.9856784797732236,beta 0 hat,546
2.9978329777249297,beta 1 hat,546
1.9867564306473626,beta 0 hat,545
2.998787277294176,beta 1 hat,545
1.9869116082956237,beta 0 hat,544
2.9978930516351916,beta 1 hat,544
1.9865084113066567,beta 0 hat,543
2.9983684345053216,beta 1 hat,543
1.9868039701087599,beta 0 hat,542
2.998998720617465,beta 1 hat,542
1.9873379947576857,beta 0 hat,541
2.9993801384018686,beta 1 hat,541
1.9855964261416286,beta 0 hat,540
2.998805894295904,beta 1 hat,540
1.9859256105663092,beta 0 hat,539
2.9990307943043635,beta 1 hat,539
1.986124804582779,beta 0 hat,538
2.999292831440629,beta 1 hat,538
1.985936178208631,beta 0 hat,537
2.9994824918709853,beta 1 hat,537
1.9860312363210588,beta 0 hat,536
3.000002022121033,beta 1 hat,536
1.986092881653886,beta 0 hat,535
3.001783468552313,beta 1 hat,535
1.9877049875585457,beta 0 hat,534
3.001651706584763,beta 1 hat,534
1.9884095158817754,beta 0 hat,533
3.0016769017371376,beta 1 hat,533
1.9894304553231494,beta 0 hat,532
3.000731661789898,beta 1 hat,532
1.9891445813614246,beta 0 hat,531
3.001018269387819,beta 1 hat,531
1.9894807754733557,beta 0 hat,530
3.000217371615193,beta 1 hat,530
1.9897097297944677,beta 0 hat,529
3.0005540565952447,beta 1 hat,529
1.9886508004200274,beta 0 hat,528
3.000544469638785,beta 1 hat,528
1.9885870991654817,beta 0 hat,527
3.0004050674181273,beta 1 hat,527
1.9880829584789357,beta 0 hat,526
3.00059458690647,beta 1 hat,526
1.987732366860809,beta 0 hat,525
3.001041399387394,beta 1 hat,525
1.9879043780581527,beta 0 hat,524
3.0014325817886847,beta 1 hat,524
1.9879160740158186,beta 0 hat,523
3.0004345345388215,beta 1 hat,523
1.988122485731645,beta 0 hat,522
3.001241907061308,beta 1 hat,522
1.9887489323809928,beta 0 hat,521
3.0004066601697486,beta 1 hat,521
1.9888539837995045,beta 0 hat,520
3.000482720561782,beta 1 hat,520
1.9899159867911123,beta 0 hat,519
3.00107859916115,beta 1 hat,519
1.9912148747676468,beta 0 hat,518
3.002108655780641,beta 1 hat,518
1.9920243208394803,beta 0 hat,517
3.002583585665911,beta 1 hat,517
1.992214148346274,beta 0 hat,516
3.002236403125239,beta 1 hat,516
1.993080614966925,beta 0 hat,515
3.0020360809818194,beta 1 hat,515
1.9929181302132608,beta 0 hat,514
3.002191284015869,beta 1 hat,514
1.9926846001725096,beta 0 hat,513
3.001605984828228,beta 1 hat,513
1.9909461585839079,beta 0 hat,512
3.000889336003805,beta 1 hat,512
1.9910168809375093,beta 0 hat,511
3.0009459689473004,beta 1 hat,511
1.9906218348267615,beta 0 hat,510
3.001096762829181,beta 1 hat,510
1.991327230478094,beta 0 hat,509
3.001758670301252,beta 1 hat,509
1.990764921487708,beta 0 hat,508
3.0009705016608548,beta 1 hat,508
1.9903404207461415,beta 0 hat,507
3.0007577877430105,beta 1 hat,507
1.9903658461790765,beta 0 hat,506
2.999863213652227,beta 1 hat,506
1.9915099447178533,beta 0 hat,505
3.0002319435882914,beta 1 hat,505
1.9914826387480808,beta 0 hat,504
3.0000197042662906,beta 1 hat,504
1.991238791072688,beta 0 hat,503
3.0004660148560762,beta 1 hat,503
1.9931007940267111,beta 0 hat,502
3.0007083493373115,beta 1 hat,502
1.992815864460398,beta 0 hat,501
3.0011470675721226,beta 1 hat,501
1.9916178069007282,beta 0 hat,500
3.0013615963653604,beta 1 hat,500
1.9916049289314304,beta 0 hat,499
3.0015943327356,beta 1 hat,499
1.9913768441996924,beta 0 hat,498
3.001550780076497,beta 1 hat,498
1.9926594838193612,beta 0 hat,497
3.0019023780859566,beta 1 hat,497
1.9924528426838908,beta 0 hat,496
3.0014988124491504,beta 1 hat,496
1.9943345095321563,beta 0 hat,495
3.0011006916684786,beta 1 hat,495
1.9944272182576832,beta 0 hat,494
2.999528858859931,beta 1 hat,494
1.995175677737089,beta 0 hat,493
3.0007440649573422,beta 1 hat,493
1.9952261463535526,beta 0 hat,492
3.0005356887057113,beta 1 hat,492
1.9956045059020089,beta 0 hat,491
2.999317058574838,beta 1 hat,491
1.9964453192170868,beta 0 hat,490
2.999793529259155,beta 1 hat,490
1.9952718302369705,beta 0 hat,489
3.0023040337845854,beta 1 hat,489
1.9942443419159768,beta 0 hat,488
3.0031141688536565,beta 1 hat,488
1.994468662621214,beta 0 hat,487
3.002294793847225,beta 1 hat,487
1.9952029493818877,beta 0 hat,486
3.003683072800957,beta 1 hat,486
1.994637080091847,beta 0 hat,485
3.0024939893134683,beta 1 hat,485
1.9950689433253217,beta 0 hat,484
3.002929590705343,beta 1 hat,484
1.9943990467098653,beta 0 hat,483
3.0017616329893047,beta 1 hat,483
1.9938138583692353,beta 0 hat,482
3.0023957761239397,beta 1 hat,482
1.9928016055891837,beta 0 hat,481
3.001345267056071,beta 1 hat,481
1.9937720465220314,beta 0 hat,480
3.0011343758018474,beta 1 hat,480
1.9950446750938047,beta 0 hat,479
3.0017201935580324,beta 1 hat,479
1.9952028547771705,beta 0 hat,478
3.0022484637743014,beta 1 hat,478
1.9954352175641477,beta 0 hat,477
3.002182320284499,beta 1 hat,477
1.996367954559732,beta 0 hat,476
3.003076236589597,beta 1 hat,476
1.9965668441314537,beta 0 hat,475
3.0023546220498853,beta 1 hat,475
1.9970369793584881,beta 0 hat,474
3.002525806392016,beta 1 hat,474
1.9978925907835023,beta 0 hat,473
3.0024570979596596,beta 1 hat,473
1.9960718014989849,beta 0 hat,472
3.002604026950702,beta 1 hat,472
1.9972341731209127,beta 0 hat,471
3.0021653940268593,beta 1 hat,471
1.9962603790365632,beta 0 hat,470
3.0023556951288177,beta 1 hat,470
1.9969640234124015,beta 0 hat,469
3.0019305646987142,beta 1 hat,469
1.997979020602653,beta 0 hat,468
3.0014243187788097,beta 1 hat,468
1.9990538702999725,beta 0 hat,467
3.0011722809828516,beta 1 hat,467
1.999434948582261,beta 0 hat,466
3.0015019782578625,beta 1 hat,466
1.9991364267821208,beta 0 hat,465
3.0016204841272898,beta 1 hat,465
2.0001991021569054,beta 0 hat,464
3.00224230945792,beta 1 hat,464
2.0004192159323213,beta 0 hat,463
3.0027270729571995,beta 1 hat,463
1.9982596669683645,beta 0 hat,462
3.0017348194875546,beta 1 hat,462
1.9990306277110834,beta 0 hat,461
2.999875454945667,beta 1 hat,461
1.9991958214875987,beta 0 hat,460
3.000355226262479,beta 1 hat,460
1.9990478832643512,beta 0 hat,459
3.0006294369878637,beta 1 hat,459
1.9995373580031943,beta 0 hat,458
2.999783148350236,beta 1 hat,458
2.000220673868334,beta 0 hat,457
2.999579363966212,beta 1 hat,457
2.0007276993437206,beta 0 hat,456
2.999952990881793,beta 1 hat,456
1.9999627858779745,beta 0 hat,455
2.99972618056703,beta 1 hat,455
2.0008977739015497,beta 0 hat,454
2.9992967092936365,beta 1 hat,454
2.0008439248936014,beta 0 hat,453
2.9994801766985906,beta 1 hat,453
1.9993519965025401,beta 0 hat,452
2.9980065927096393,beta 1 hat,452
2.000333346234744,beta 0 hat,451
2.9978493442650698,beta 1 hat,451
2.00112551082449,beta 0 hat,450
2.9975142178399192,beta 1 hat,450
2.00003325611914,beta 0 hat,449
2.9969875600837432,beta 1 hat,449
2.001473779434453,beta 0 hat,448
2.9966873437697346,beta 1 hat,448
2.000937064911996,beta 0 hat,447
2.9971446822607883,beta 1 hat,447
2.0004016856619353,beta 0 hat,446
2.9960815216454457,beta 1 hat,446
2.0005169715614812,beta 0 hat,445
2.996904353903564,beta 1 hat,445
2.0016584576666694,beta 0 hat,444
2.9968485651851346,beta 1 hat,444
2.001463704800283,beta 0 hat,443
2.996601862979765,beta 1 hat,443
2.0025484491206686,beta 0 hat,442
2.99707880640736,beta 1 hat,442
2.003690822123372,beta 0 hat,441
2.997410106826576,beta 1 hat,441
2.002716013652753,beta 0 hat,440
2.99682029873382,beta 1 hat,440
2.00173182409162,beta 0 hat,439
2.9964221289097135,beta 1 hat,439
2.0012557332195624,beta 0 hat,438
2.9946309339986823,beta 1 hat,438
2.003824514162682,beta 0 hat,437
2.994778097440169,beta 1 hat,437
2.0028134095133554,beta 0 hat,436
2.993439298840054,beta 1 hat,436
2.00460867383033,beta 0 hat,435
2.994362477091869,beta 1 hat,435
2.0043286499909145,beta 0 hat,434
2.9932967789188054,beta 1 hat,434
2.0049028684661003,beta 0 hat,433
2.9936345145455094,beta 1 hat,433
2.00265149848903,beta 0 hat,432
2.992764821842474,beta 1 hat,432
2.0021383893638145,beta 0 hat,431
2.991829677061658,beta 1 hat,431
2.0030263265328645,beta 0 hat,430
2.991998230247069,beta 1 hat,430
2.0029777201448553,beta 0 hat,429
2.992725821770205,beta 1 hat,429
2.003262558961496,beta 0 hat,428
2.993384087840574,beta 1 hat,428
2.0025553168606827,beta 0 hat,427
2.99269152495101,beta 1 hat,427
2.0035653200838275,beta 0 hat,426
2.9929793151784625,beta 1 hat,426
2.004744544476274,beta 0 hat,425
2.9919024347368337,beta 1 hat,425
2.0052452148553677,beta 0 hat,424
2.9911719384908038,beta 1 hat,424
2.0056013783795152,beta 0 hat,423
2.9917895285831886,beta 1 hat,423
2.005793524752875,beta 0 hat,422
2.991482636000708,beta 1 hat,422
2.0048174040800597,beta 0 hat,421
2.9918593640485414,beta 1 hat,421
2.0076153425788923,beta 0 hat,420
2.9918680864413076,beta 1 hat,420
2.006842313094639,beta 0 hat,419
2.9903556811655383,beta 1 hat,419
2.005717000505796,beta 0 hat,418
2.9901049461089193,beta 1 hat,418
2.00550647577962,beta 0 hat,417
2.990235948717116,beta 1 hat,417
2.004607369794887,beta 0 hat,416
2.990018110561518,beta 1 hat,416
2.005896953659365,beta 0 hat,415
2.991089870344845,beta 1 hat,415
2.0052698204580373,beta 0 hat,414
2.989906737390723,beta 1 hat,414
2.0044222663489966,beta 0 hat,413
2.989913669501878,beta 1 hat,413
2.0049841846823084,beta 0 hat,412
2.9898429568763025,beta 1 hat,412
2.005444231372875,beta 0 hat,411
2.9904078438992356,beta 1 hat,411
2.005389291121658,beta 0 hat,410
2.989892932205705,beta 1 hat,410
2.0069437485398764,beta 0 hat,409
2.9905029594111174,beta 1 hat,409
2.0059853375341805,beta 0 hat,408
2.989816152647364,beta 1 hat,408
2.0051735880779358,beta 0 hat,407
2.990298465645739,beta 1 hat,407
2.0042467279805765,beta 0 hat,406
2.990676044216238,beta 1 hat,406
2.0058634403055833,beta 0 hat,405
2.99017591844873,beta 1 hat,405
2.007012066789777,beta 0 hat,404
2.9909089600506378,beta 1 hat,404
2.0046574736508296,beta 0 hat,403
2.990363088783513,beta 1 hat,403
2.0041066001108754,beta 0 hat,402
2.9901381266058547,beta 1 hat,402
2.003012229623765,beta 0 hat,401
2.989121310144577,beta 1 hat,401
2.0032578182417002,beta 0 hat,400
2.988311816261873,beta 1 hat,400
2.004302757321267,beta 0 hat,399
2.9883530114546133,beta 1 hat,399
2.0033671225711145,beta 0 hat,398
2.9889746416806156,beta 1 hat,398
2.0025968824746387,beta 0 hat,397
2.989488638977652,beta 1 hat,397
2.0022817233773025,beta 0 hat,396
2.991317238276002,beta 1 hat,396
2.0024685284967156,beta 0 hat,395
2.990986849381198,beta 1 hat,395
2.002850730541907,beta 0 hat,394
2.9925866568737893,beta 1 hat,394
2.003215050447691,beta 0 hat,393
2.9929015120977156,beta 1 hat,393
2.0039887231942743,beta 0 hat,392
2.9923149331133505,beta 1 hat,392
2.004545004453037,beta 0 hat,391
2.9903832299892263,beta 1 hat,391
2.0026559828265245,beta 0 hat,390
2.991508254016834,beta 1 hat,390
2.0022143881003616,beta 0 hat,389
2.990858077786897,beta 1 hat,389
2.001993977304588,beta 0 hat,388
2.9895466813309204,beta 1 hat,388
2.002413713818017,beta 0 hat,387
2.989072768885642,beta 1 hat,387
2.0033368441244157,beta 0 hat,386
2.989024430999635,beta 1 hat,386
2.0036596512112754,beta 0 hat,385
2.989987521894057,beta 1 hat,385
2.0036722054474447,beta 0 hat,384
2.991236918000686,beta 1 hat,384
2.001894325740901,beta 0 hat,383
2.9903866696344896,beta 1 hat,383
2.001960435446578,beta 0 hat,382
2.991646030261634,beta 1 hat,382
2.0033186159829848,beta 0 hat,381
2.9921606784823322,beta 1 hat,381
2.0043114667363398,beta 0 hat,380
2.9923756057351323,beta 1 hat,380
2.0042329463924733,beta 0 hat,379
2.9934014085755427,beta 1 hat,379
2.005592602622407,beta 0 hat,378
2.992529830384326,beta 1 hat,378
2.0078636808247783,beta 0 hat,377
2.9941440364660483,beta 1 hat,377
2.0086645498509026,beta 0 hat,376
2.9935074993381603,beta 1 hat,376
2.010186639503499,beta 0 hat,375
2.9922519803578504,beta 1 hat,375
2.0094667249087226,beta 0 hat,374
2.991692914999105,beta 1 hat,374
2.0100595350212256,beta 0 hat,373
2.9916630883678734,beta 1 hat,373
2.0132643705520934,beta 0 hat,372
2.9894457634767924,beta 1 hat,372
2.01114676924399,beta 0 hat,371
2.9893179541598807,beta 1 hat,371
2.009503682335621,beta 0 hat,370
2.9885872564312117,beta 1 hat,370
2.0084661391992302,beta 0 hat,369
2.9885097490781987,beta 1 hat,369
2.008670322974724,beta 0 hat,368
2.9869985041651175,beta 1 hat,368
2.0077033935212443,beta 0 hat,367
2.984989401866512,beta 1 hat,367
2.0106449407498506,beta 0 hat,366
2.9856409990264265,beta 1 hat,366
2.0101137456251945,beta 0 hat,365
2.9860396321356872,beta 1 hat,365
2.0089104177973014,beta 0 hat,364
2.985770949859509,beta 1 hat,364
2.0103509563743853,beta 0 hat,363
2.9851627375894796,beta 1 hat,363
2.0107930070239823,beta 0 hat,362
2.985220105520261,beta 1 hat,362
2.010244201922961,beta 0 hat,361
2.9843823801967746,beta 1 hat,361
2.01175677551985,beta 0 hat,360
2.985101561866055,beta 1 hat,360
2.009685577919497,beta 0 hat,359
2.985552416195892,beta 1 hat,359
2.010836375127084,beta 0 hat,358
2.985690338606607,beta 1 hat,358
2.012491531063895,beta 0 hat,357
2.984246311847692,beta 1 hat,357
2.012398031087502,beta 0 hat,356
2.9840480682917803,beta 1 hat,356
2.0121727323023975,beta 0 hat,355
2.985201373636628,beta 1 hat,355
2.011712170633226,beta 0 hat,354
2.984250100105646,beta 1 hat,354
2.012687811142819,beta 0 hat,353
2.9829415608156076,beta 1 hat,353
2.0115279344480808,beta 0 hat,352
2.984161081512956,beta 1 hat,352
2.010316071876966,beta 0 hat,351
2.983132531749769,beta 1 hat,351
2.0110456503832923,beta 0 hat,350
2.983303245517681,beta 1 hat,350
2.0100639806422596,beta 0 hat,349
2.9838671769747447,beta 1 hat,349
2.0090994743093873,beta 0 hat,348
2.983582528363624,beta 1 hat,348
2.007820860499147,beta 0 hat,347
2.982810976140038,beta 1 hat,347
2.0062017831768992,beta 0 hat,346
2.982468424229922,beta 1 hat,346
2.0037843546718155,beta 0 hat,345
2.9817512765019063,beta 1 hat,345
2.0031672673263614,beta 0 hat,344
2.981913979473451,beta 1 hat,344
2.002717979966758,beta 0 hat,343
2.9820920091213354,beta 1 hat,343
2.0046074864570107,beta 0 hat,342
2.982577984823687,beta 1 hat,342
2.005556042931819,beta 0 hat,341
2.9834103594740773,beta 1 hat,341
2.0073050258548295,beta 0 hat,340
2.98217315783755,beta 1 hat,340
2.0089842347704217,beta 0 hat,339
2.9815186532585733,beta 1 hat,339
2.00865420031623,beta 0 hat,338
2.9809641159177436,beta 1 hat,338
2.009507251249202,beta 0 hat,337
2.9793213605251556,beta 1 hat,337
2.008456649238672,beta 0 hat,336
2.978493832127138,beta 1 hat,336
2.0086414274993536,beta 0 hat,335
2.9789738393526077,beta 1 hat,335
2.008590016322468,beta 0 hat,334
2.9786536135693127,beta 1 hat,334
2.008310131994159,beta 0 hat,333
2.9772735819801697,beta 1 hat,333
2.00810431187466,beta 0 hat,332
2.9757742971807755,beta 1 hat,332
2.0055636353412813,beta 0 hat,331
2.976762615475324,beta 1 hat,331
2.008126291858839,beta 0 hat,330
2.974067768062265,beta 1 hat,330
2.009464552516586,beta 0 hat,329
2.9743929970361807,beta 1 hat,329
2.009993310852188,beta 0 hat,328
2.974743416212335,beta 1 hat,328
2.008580924746377,beta 0 hat,327
2.973284133859241,beta 1 hat,327
2.009123406065402,beta 0 hat,326
2.973399897449986,beta 1 hat,326
2.0063149792715382,beta 0 hat,325
2.9730704681908717,beta 1 hat,325
2.0052661633663043,beta 0 hat,324
2.9740901569245817,beta 1 hat,324
2.0060344002158668,beta 0 hat,323
2.974020342803616,beta 1 hat,323
2.004074312927553,beta 0 hat,322
2.9735861424115617,beta 1 hat,322
2.006191075454986,beta 0 hat,321
2.971855989339922,beta 1 hat,321
2.0087729563510717,beta 0 hat,320
2.9713904702224254,beta 1 hat,320
2.008437040545795,beta 0 hat,319
2.9729518165500117,beta 1 hat,319
2.00858650382969,beta 0 hat,318
2.9711402592293465,beta 1 hat,318
2.0083113771747656,beta 0 hat,317
2.971118654407796,beta 1 hat,317
2.0098491021089173,beta 0 hat,316
2.9717876424682586,beta 1 hat,316
2.009582732480148,beta 0 hat,315
2.96994441306432,beta 1 hat,315
2.00898870763937,beta 0 hat,314
2.969876128665827,beta 1 hat,314
2.0074904469444674,beta 0 hat,313
2.9697585252418706,beta 1 hat,313
2.0067983470824364,beta 0 hat,312
2.969471254695535,beta 1 hat,312
2.0067858738736613,beta 0 hat,311
2.969024469350181,beta 1 hat,311
2.006409173154535,beta 0 hat,310
2.9691466900359043,beta 1 hat,310
2.0045742478045594,beta 0 hat,309
2.9678822169291093,beta 1 hat,309
2.0071277370402623,beta 0 hat,308
2.967698653287977,beta 1 hat,308
2.0088946933499905,beta 0 hat,307
2.9689479588934193,beta 1 hat,307
2.0081184197809363,beta 0 hat,306
2.9680030552252354,beta 1 hat,306
2.0088648168563945,beta 0 hat,305
2.965677064166929,beta 1 hat,305
2.0097075437529393,beta 0 hat,304
2.9663512911487913,beta 1 hat,304
2.008828809097998,beta 0 hat,303
2.964961855501288,beta 1 hat,303
2.0088136601763913,beta 0 hat,302
2.9660589699081856,beta 1 hat,302
2.007586755000863,beta 0 hat,301
2.9640447006929898,beta 1 hat,301
2.008424526397329,beta 0 hat,300
2.965402241433464,beta 1 hat,300
2.006446023728354,beta 0 hat,299
2.9645443613715576,beta 1 hat,299
2.0070234693605653,beta 0 hat,298
2.964439692941266,beta 1 hat,298
2.006217517336977,beta 0 hat,297
2.965038637103479,beta 1 hat,297
2.0071968103522124,beta 0 hat,296
2.964457676550736,beta 1 hat,296
2.0031304741404945,beta 0 hat,295
2.9650415950667357,beta 1 hat,295
2.003685117965947,beta 0 hat,294
2.9660758744340443,beta 1 hat,294
2.0019753874230415,beta 0 hat,293
2.9664581841276365,beta 1 hat,293
2.002505834648906,beta 0 hat,292
2.967814885873626,beta 1 hat,292
2.0034714034919032,beta 0 hat,291
2.966411006832777,beta 1 hat,291
2.0038515931969405,beta 0 hat,290
2.964990076657291,beta 1 hat,290
2.0019185116164593,beta 0 hat,289
2.966546536436551,beta 1 hat,289
2.0032435224181966,beta 0 hat,288
2.9658331812051064,beta 1 hat,288
2.0030981411336293,beta 0 hat,287
2.9655557006365005,beta 1 hat,287
2.0001683673076824,beta 0 hat,286
2.9671133784576016,beta 1 hat,286
1.9962224085326978,beta 0 hat,285
2.966043353907799,beta 1 hat,285
1.9960447926791045,beta 0 hat,284
2.9658226570363895,beta 1 hat,284
1.9964754453049607,beta 0 hat,283
2.964078798458855,beta 1 hat,283
1.9985476023924331,beta 0 hat,282
2.9639840464817246,beta 1 hat,282
1.9992641049164688,beta 0 hat,281
2.9622716636725364,beta 1 hat,281
1.9967580344667977,beta 0 hat,280
2.962712702389946,beta 1 hat,280
1.9978046130381122,beta 0 hat,279
2.963380503707061,beta 1 hat,279
1.9968900648453938,beta 0 hat,278
2.9639448812753995,beta 1 hat,278
1.9959613878074858,beta 0 hat,277
2.964233212954921,beta 1 hat,277
1.9948569375486618,beta 0 hat,276
2.9636660313164205,beta 1 hat,276
1.994618767115219,beta 0 hat,275
2.9639010977125544,beta 1 hat,275
1.9943279354572474,beta 0 hat,274
2.9638252734582964,beta 1 hat,274
1.99475943029421,beta 0 hat,273
2.9632796971385793,beta 1 hat,273
1.9933657451300446,beta 0 hat,272
2.9631821297214844,beta 1 hat,272
1.9970151073057663,beta 0 hat,271
2.9610196375937203,beta 1 hat,271
1.9954382463565683,beta 0 hat,270
2.9614164888465164,beta 1 hat,270
1.9967153703852247,beta 0 hat,269
2.958850963119637,beta 1 hat,269
1.996795653817328,beta 0 hat,268
2.9586797651940344,beta 1 hat,268
1.993946747201946,beta 0 hat,267
2.9563754773586224,beta 1 hat,267
1.9946982466422594,beta 0 hat,266
2.957499079079321,beta 1 hat,266
1.9954469054498483,beta 0 hat,265
2.955084003152814,beta 1 hat,265
1.9933380890378696,beta 0 hat,264
2.9547537553533023,beta 1 hat,264
1.9963692770495156,beta 0 hat,263
2.9536414384305982,beta 1 hat,263
1.9934490868142485,beta 0 hat,262
2.9544730991296886,beta 1 hat,262
1.9890881884126848,beta 0 hat,261
2.9534020604028672,beta 1 hat,261
1.9875311907063693,beta 0 hat,260
2.952907208411869,beta 1 hat,260
1.9880105069568301,beta 0 hat,259
2.953223718055819,beta 1 hat,259
1.9875670031166612,beta 0 hat,258
2.951096291215613,beta 1 hat,258
1.987436015928518,beta 0 hat,257
2.95017785832355,beta 1 hat,257
1.9916733975241694,beta 0 hat,256
2.9510797724334106,beta 1 hat,256
1.9942225310901258,beta 0 hat,255
2.950999167223737,beta 1 hat,255
1.994526331322933,beta 0 hat,254
2.9543132253910405,beta 1 hat,254
1.992727203551986,beta 0 hat,253
2.9540868642373734,beta 1 hat,253
1.991236753535359,beta 0 hat,252
2.953999970768896,beta 1 hat,252
1.9905325842821013,beta 0 hat,251
2.9555080518527603,beta 1 hat,251
1.9882661282971672,beta 0 hat,250
2.957539645249862,beta 1 hat,250
1.9891064847400024,beta 0 hat,249
2.958629424464547,beta 1 hat,249
1.9864555775844794,beta 0 hat,248
2.960054799324429,beta 1 hat,248
1.987652777233449,beta 0 hat,247
2.9592710786523204,beta 1 hat,247
1.987447710085147,beta 0 hat,246
2.9596929735345467,beta 1 hat,246
1.9888900867893113,beta 0 hat,245
2.9604835693026432,beta 1 hat,245
1.9893629183985184,beta 0 hat,244
2.9595203155143444,beta 1 hat,244
1.9878209954246029,beta 0 hat,243
2.9586036347610576,beta 1 hat,243
1.9871689499997682,beta 0 hat,242
2.956429354141181,beta 1 hat,242
1.9863147146128877,beta 0 hat,241
2.9583857009408048,beta 1 hat,241
1.9866816579078308,beta 0 hat,240
2.9582236531860935,beta 1 hat,240
1.9857741572121217,beta 0 hat,239
2.9575272103801287,beta 1 hat,239
1.984593249723531,beta 0 hat,238
2.9592140439941197,beta 1 hat,238
1.9817602725276016,beta 0 hat,237
2.9598939683785126,beta 1 hat,237
1.981121700599679,beta 0 hat,236
2.9591296554694106,beta 1 hat,236
1.9838695252141947,beta 0 hat,235
2.959732455162815,beta 1 hat,235
1.9842942617672106,beta 0 hat,234
2.9579241361450914,beta 1 hat,234
1.9841620542146918,beta 0 hat,233
2.957838238806766,beta 1 hat,233
1.9823994335927522,beta 0 hat,232
2.9566732148507926,beta 1 hat,232
1.9846914892078256,beta 0 hat,231
2.9554787697168168,beta 1 hat,231
1.9855815076612608,beta 0 hat,230
2.9552044600927396,beta 1 hat,230
1.9845365517729912,beta 0 hat,229
2.9553380654764303,beta 1 hat,229
1.9849830228847525,beta 0 hat,228
2.956453435108929,beta 1 hat,228
1.9877672052426374,beta 0 hat,227
2.957386154167018,beta 1 hat,227
1.9865445339843408,beta 0 hat,226
2.958939900173806,beta 1 hat,226
1.986049440938564,beta 0 hat,225
2.9571704397454637,beta 1 hat,225
1.9856346254064199,beta 0 hat,224
2.9567160139659054,beta 1 hat,224
1.9874984039626302,beta 0 hat,223
2.955254446767942,beta 1 hat,223
1.9842148308560832,beta 0 hat,222
2.9542982596405984,beta 1 hat,222
1.9859702707308955,beta 0 hat,221
2.955708322644039,beta 1 hat,221
1.9858564750793597,beta 0 hat,220
2.958094399307183,beta 1 hat,220
1.985104483296818,beta 0 hat,219
2.9579866694276755,beta 1 hat,219
1.9847531938813738,beta 0 hat,218
2.9592879563454475,beta 1 hat,218
1.9851611835349599,beta 0 hat,217
2.9604962158206054,beta 1 hat,217
1.985408012286908,beta 0 hat,216
2.962177014645865,beta 1 hat,216
1.9870652014949297,beta 0 hat,215
2.9630202539337045,beta 1 hat,215
1.9863415719245758,beta 0 hat,214
2.96261350309945,beta 1 hat,214
1.9861908210223584,beta 0 hat,213
2.9620284729803426,beta 1 hat,213
1.9873326134186295,beta 0 hat,212
2.9600630336653477,beta 1 hat,212
1.9876075956619448,beta 0 hat,211
2.960016058552107,beta 1 hat,211
1.9892896229495103,beta 0 hat,210
2.9602790651783883,beta 1 hat,210
1.9892329223861076,beta 0 hat,209
2.959029719032457,beta 1 hat,209
1.9864112852624025,beta 0 hat,208
2.9575088795530173,beta 1 hat,208
1.9863739426731848,beta 0 hat,207
2.9555818693281566,beta 1 hat,207
1.9863865842800645,beta 0 hat,206
2.95461268591306,beta 1 hat,206
1.9844319606571375,beta 0 hat,205
2.9517735126936078,beta 1 hat,205
1.986057970610617,beta 0 hat,204
2.951836179739178,beta 1 hat,204
1.986116566017998,beta 0 hat,203
2.9522045252526534,beta 1 hat,203
1.9855103617140228,beta 0 hat,202
2.9507582735498548,beta 1 hat,202
1.9838859401976168,beta 0 hat,201
2.9515460253999595,beta 1 hat,201
1.9802942096774485,beta 0 hat,200
2.950411851148672,beta 1 hat,200
1.977949034648373,beta 0 hat,199
2.9502898493008276,beta 1 hat,199
1.9763022484307755,beta 0 hat,198
2.9489121800239753,beta 1 hat,198
1.9778453040161823,beta 0 hat,197
2.949375344835131,beta 1 hat,197
1.9821785171058608,beta 0 hat,196
2.952777865992489,beta 1 hat,196
1.981831893289157,beta 0 hat,195
2.9495107871290416,beta 1 hat,195
1.9782935867535076,beta 0 hat,194
2.94986555850589,beta 1 hat,194
1.9805560289326811,beta 0 hat,193
2.951743258591779,beta 1 hat,193
1.979099223758889,beta 0 hat,192
2.9520335255701435,beta 1 hat,192
1.976743950314253,beta 0 hat,191
2.9517399231049657,beta 1 hat,191
1.9779984879329024,beta 0 hat,190
2.9531948357732016,beta 1 hat,190
1.9782945129411673,beta 0 hat,189
2.9530147647727016,beta 1 hat,189
1.975249437149769,beta 0 hat,188
2.9496744140756017,beta 1 hat,188
1.9737137271140524,beta 0 hat,187
2.9474400941937535,beta 1 hat,187
1.981235756039898,beta 0 hat,186
2.9473631012650072,beta 1 hat,186
1.9853953467936702,beta 0 hat,185
2.9485656438220715,beta 1 hat,185
1.9878533751608356,beta 0 hat,184
2.9459939406080737,beta 1 hat,184
1.9845442227625834,beta 0 hat,183
2.9455806757192624,beta 1 hat,183
1.9857946366910297,beta 0 hat,182
2.9446417818079764,beta 1 hat,182
1.986885986020895,beta 0 hat,181
2.9426027747102674,beta 1 hat,181
1.9845972421259617,beta 0 hat,180
2.942185827646225,beta 1 hat,180
1.9842999838912965,beta 0 hat,179
2.9440933359875,beta 1 hat,179
1.9891117105099276,beta 0 hat,178
2.943495208031796,beta 1 hat,178
1.9884421422321468,beta 0 hat,177
2.9392773387032016,beta 1 hat,177
1.987389311490528,beta 0 hat,176
2.938250912056552,beta 1 hat,176
1.9884877584622953,beta 0 hat,175
2.942645359631494,beta 1 hat,175
1.9890683033812393,beta 0 hat,174
2.9438474813934787,beta 1 hat,174
1.98455671217873,beta 0 hat,173
2.946871409524151,beta 1 hat,173
1.9854537698024552,beta 0 hat,172
2.947368134297406,beta 1 hat,172
1.9839906089485966,beta 0 hat,171
2.9453743059644566,beta 1 hat,171
1.9839579107600225,beta 0 hat,170
2.946793965089883,beta 1 hat,170
1.9867732405299738,beta 0 hat,169
2.9456699355505642,beta 1 hat,169
1.9902609493522185,beta 0 hat,168
2.943782231506538,beta 1 hat,168
1.98913872634642,beta 0 hat,167
2.9442327565973354,beta 1 hat,167
1.9919231285591543,beta 0 hat,166
2.94215184661239,beta 1 hat,166
1.99299219790148,beta 0 hat,165
2.9395214374359293,beta 1 hat,165
1.9969733567930719,beta 0 hat,164
2.9398933981583713,beta 1 hat,164
1.994491504354975,beta 0 hat,163
2.9370266226314325,beta 1 hat,163
1.9962558012590637,beta 0 hat,162
2.937279081442266,beta 1 hat,162
1.9938809740739687,beta 0 hat,161
2.9322769420828965,beta 1 hat,161
1.991519560662025,beta 0 hat,160
2.9333430345136695,beta 1 hat,160
1.9887227460941737,beta 0 hat,159
2.9335043585773857,beta 1 hat,159
1.9888912113157178,beta 0 hat,158
2.931028424531282,beta 1 hat,158
1.9882724847001507,beta 0 hat,157
2.931148515361503,beta 1 hat,157
1.9896739073008587,beta 0 hat,156
2.929138420205747,beta 1 hat,156
1.9909284463721406,beta 0 hat,155
2.930573989087253,beta 1 hat,155
1.9888924928479645,beta 0 hat,154
2.9319037880924315,beta 1 hat,154
1.987170987872249,beta 0 hat,153
2.9314036079288788,beta 1 hat,153
1.9874790387461259,beta 0 hat,152
2.932636373196181,beta 1 hat,152
1.989028989398251,beta 0 hat,151
2.932439741223673,beta 1 hat,151
1.9883912786885647,beta 0 hat,150
2.931072876164084,beta 1 hat,150
1.9892708440595857,beta 0 hat,149
2.928966068968219,beta 1 hat,149
1.9893767474338393,beta 0 hat,148
2.928905935821783,beta 1 hat,148
1.9889472127172925,beta 0 hat,147
2.929243118850409,beta 1 hat,147
1.989435871027048,beta 0 hat,146
2.9330931004358693,beta 1 hat,146
1.9844406318381116,beta 0 hat,145
2.939785775498249,beta 1 hat,145
1.9872594233508472,beta 0 hat,144
2.9424513779135526,beta 1 hat,144
1.9886959254879193,beta 0 hat,143
2.9453524404037936,beta 1 hat,143
1.9798262977359453,beta 0 hat,142
2.9447085555000725,beta 1 hat,142
1.9771373862659551,beta 0 hat,141
2.9432701269330095,beta 1 hat,141
1.983103446192637,beta 0 hat,140
2.944508711493825,beta 1 hat,140
1.981868581851601,beta 0 hat,139
2.9426122362776783,beta 1 hat,139
1.9823286435885186,beta 0 hat,138
2.9404696708895863,beta 1 hat,138
1.9817214172059665,beta 0 hat,137
2.93744151942357,beta 1 hat,137
1.9824096468940517,beta 0 hat,136
2.9384563423950176,beta 1 hat,136
1.9844066365460915,beta 0 hat,135
2.937765874551507,beta 1 hat,135
1.9851055561273363,beta 0 hat,134
2.9381074805179184,beta 1 hat,134
1.9866808586477984,beta 0 hat,133
2.939521020146611,beta 1 hat,133
1.9906148595774331,beta 0 hat,132
2.938503626958081,beta 1 hat,132
1.991180430084423,beta 0 hat,131
2.9383996146940135,beta 1 hat,131
1.9923402555870686,beta 0 hat,130
2.940040928825527,beta 1 hat,130
1.9950351796654118,beta 0 hat,129
2.94358135569654,beta 1 hat,129
1.9970731796874375,beta 0 hat,128
2.9396065518833425,beta 1 hat,128
1.9954364698023404,beta 0 hat,127
2.940502732427922,beta 1 hat,127
1.9970411429258725,beta 0 hat,126
2.948067177651466,beta 1 hat,126
1.9957088982928437,beta 0 hat,125
2.952043485803166,beta 1 hat,125
2.000984230041775,beta 0 hat,124
2.9468356675437124,beta 1 hat,124
2.003262706370135,beta 0 hat,123
2.9430672453476205,beta 1 hat,123
2.005867337743745,beta 0 hat,122
2.9456661491355285,beta 1 hat,122
2.0058976774754838,beta 0 hat,121
2.9469260177621495,beta 1 hat,121
2.0020601531536633,beta 0 hat,120
2.941784542410989,beta 1 hat,120
2.0043587339322797,beta 0 hat,119
2.9420805342671548,beta 1 hat,119
2.0004356254470332,beta 0 hat,118
2.938461931745121,beta 1 hat,118
1.9985483729788327,beta 0 hat,117
2.9322847230527196,beta 1 hat,117
1.993663798011264,beta 0 hat,116
2.926309813087962,beta 1 hat,116
1.9957668896610437,beta 0 hat,115
2.929933287851416,beta 1 hat,115
1.9925067900227647,beta 0 hat,114
2.934267351826382,beta 1 hat,114
1.9920537522015622,beta 0 hat,113
2.9340661176124656,beta 1 hat,113
1.9910071018153346,beta 0 hat,112
2.931491508312444,beta 1 hat,112
1.9861940531405253,beta 0 hat,111
2.92815779478415,beta 1 hat,111
1.9832416803420825,beta 0 hat,110
2.92743794945194,beta 1 hat,110
1.9801333693042358,beta 0 hat,109
2.924543945360167,beta 1 hat,109
1.9770293533244405,beta 0 hat,108
2.9221027476902512,beta 1 hat,108
1.987867163343482,beta 0 hat,107
2.923771289099161,beta 1 hat,107
1.9831032717347516,beta 0 hat,106
2.922893314590929,beta 1 hat,106
1.983686218526802,beta 0 hat,105
2.925486428072905,beta 1 hat,105
1.9749521004704285,beta 0 hat,104
2.9290889248649816,beta 1 hat,104
1.9832492518086393,beta 0 hat,103
2.9326664137022442,beta 1 hat,103
1.9824794722399124,beta 0 hat,102
2.9315727762486703,beta 1 hat,102
1.9782557368397515,beta 0 hat,101
2.9315056949955687,beta 1 hat,101
1.9801935492020093,beta 0 hat,100
2.935732517484482,beta 1 hat,100
1.9816889042035175,beta 0 hat,99
2.9393321282921723,beta 1 hat,99
1.9890236232608498,beta 0 hat,98
2.942175313349723,beta 1 hat,98
1.9902893159359252,beta 0 hat,97
2.940408166826067,beta 1 hat,97
1.9992351567408486,beta 0 hat,96
2.9345733396231966,beta 1 hat,96
1.9961226436086947,beta 0 hat,95
2.9295617035346235,beta 1 hat,95
1.9945724623249954,beta 0 hat,94
2.930542684904505,beta 1 hat,94
1.9958536567963236,beta 0 hat,93
2.9288753926476776,beta 1 hat,93
1.9950523460273923,beta 0 hat,92
2.9335833317435926,beta 1 hat,92
1.9949482510926566,beta 0 hat,91
2.9342151639383185,beta 1 hat,91
1.9820338384099674,beta 0 hat,90
2.935264741316718,beta 1 hat,90
1.9860463878174857,beta 0 hat,89
2.9416531536462114,beta 1 hat,89
1.9830684283168314,beta 0 hat,88
2.9445131412379304,beta 1 hat,88
1.9851690837813047,beta 0 hat,87
2.9482690935114055,beta 1 hat,87
1.9829730770893437,beta 0 hat,86
2.9501011895780076,beta 1 hat,86
1.984970773186554,beta 0 hat,85
2.944404043309969,beta 1 hat,85
1.986407255080378,beta 0 hat,84
2.942414439224491,beta 1 hat,84
1.984796542973393,beta 0 hat,83
2.9465639291731183,beta 1 hat,83
1.9911021543145773,beta 0 hat,82
2.950445861847987,beta 1 hat,82
1.9893201560450937,beta 0 hat,81
2.9475226001847488,beta 1 hat,81
1.9852411430281838,beta 0 hat,80
2.9572489679137948,beta 1 hat,80
1.9898094754050963,beta 0 hat,79
2.9560562868855462,beta 1 hat,79
1.9928198749426567,beta 0 hat,78
2.951950749437421,beta 1 hat,78
1.983642366626736,beta 0 hat,77
2.949470269482113,beta 1 hat,77
1.985096596548106,beta 0 hat,76
2.95314288095502,beta 1 hat,76
1.9942101462289374,beta 0 hat,75
2.9539678311650714,beta 1 hat,75
1.991407894316765,beta 0 hat,74
2.9573176281627975,beta 1 hat,74
1.9939423453489142,beta 0 hat,73
2.9550456218224617,beta 1 hat,73
1.9934775876022353,beta 0 hat,72
2.9569966218394175,beta 1 hat,72
2.001848437306112,beta 0 hat,71
2.9520045062123246,beta 1 hat,71
2.0069332294708477,beta 0 hat,70
2.9558989785611365,beta 1 hat,70
2.0128513054995074,beta 0 hat,69
2.957835625006163,beta 1 hat,69
2.016370949586013,beta 0 hat,68
2.9620138234109223,beta 1 hat,68
2.009932902442874,beta 0 hat,67
2.957926262736233,beta 1 hat,67
2.0064757524156995,beta 0 hat,66
2.9637943532748294,beta 1 hat,66
2.004831707613909,beta 0 hat,65
2.9518408503047837,beta 1 hat,65
2.0009576388670216,beta 0 hat,64
2.9458188196383586,beta 1 hat,64
2.0030120018218214,beta 0 hat,63
2.95244584307899,beta 1 hat,63
1.9960387482069142,beta 0 hat,62
2.959489741943003,beta 1 hat,62
2.0021848761665626,beta 0 hat,61
2.961196791249754,beta 1 hat,61
1.9967453951317609,beta 0 hat,60
2.968370689994362,beta 1 hat,60
2.0089985655853226,beta 0 hat,59
2.968896221165662,beta 1 hat,59
2.004514039356934,beta 0 hat,58
2.9822454910197975,beta 1 hat,58
1.997252785510016,beta 0 hat,57
2.978314269699214,beta 1 hat,57
1.9841356617147843,beta 0 hat,56
2.9785962651717584,beta 1 hat,56
1.9941232604460744,beta 0 hat,55
2.980432223000964,beta 1 hat,55
1.9861570638379544,beta 0 hat,54
2.9768810431172708,beta 1 hat,54
1.968803241892158,beta 0 hat,53
2.9765461045091812,beta 1 hat,53
1.9846802702841906,beta 0 hat,52
2.97234451697976,beta 1 hat,52
1.9785127416920696,beta 0 hat,51
2.965404186811924,beta 1 hat,51
1.9893953555976895,beta 0 hat,50
2.968964693622778,beta 1 hat,50
1.9880805471413552,beta 0 hat,49
2.9773799442689115,beta 1 hat,49
1.9814118891284738,beta 0 hat,48
2.9729330079223746,beta 1 hat,48
1.9649277581884268,beta 0 hat,47
2.9659411187812874,beta 1 hat,47
1.9686397746068582,beta 0 hat,46
2.956382184056466,beta 1 hat,46
1.969158512864664,beta 0 hat,45
2.948241772390577,beta 1 hat,45
1.961296937711465,beta 0 hat,44
2.9533243788890426,beta 1 hat,44
1.9478908732120785,beta 0 hat,43
2.949676456498097,beta 1 hat,43
1.957831018392634,beta 0 hat,42
2.9518066067564592,beta 1 hat,42
1.9371003047665916,beta 0 hat,41
2.962160572368444,beta 1 hat,41
1.9380064519677291,beta 0 hat,40
2.9593491471843993,beta 1 hat,40
1.9440070008411479,beta 0 hat,39
2.956335252397519,beta 1 hat,39
1.9310424029845987,beta 0 hat,38
2.969838793919673,beta 1 hat,38
1.9176170474195313,beta 0 hat,37
2.9838469258905613,beta 1 hat,37
1.9393595923593836,beta 0 hat,36
2.980939103412488,beta 1 hat,36
1.9185271654546354,beta 0 hat,35
2.9939448557142674,beta 1 hat,35
1.919597339575793,beta 0 hat,34
2.999923838016536,beta 1 hat,34
1.9243458849944348,beta 0 hat,33
2.994538522114827,beta 1 hat,33
1.9351625250426565,beta 0 hat,32
3.0019952382986976,beta 1 hat,32
1.918230361704,beta 0 hat,31
3.000945615773837,beta 1 hat,31
1.9084719737301878,beta 0 hat,30
2.9958569567690985,beta 1 hat,30
1.916585456634824,beta 0 hat,29
2.9691107955514346,beta 1 hat,29
1.923097109534701,beta 0 hat,28
2.9801390398706364,beta 1 hat,28
1.9236711501107884,beta 0 hat,27
2.9881901682082557,beta 1 hat,27
1.9333968329105726,beta 0 hat,26
2.9882427945255303,beta 1 hat,26
1.8992198097032833,beta 0 hat,25
2.989300227889384,beta 1 hat,25
1.9206950854973996,beta 0 hat,24
2.9720935272152267,beta 1 hat,24
1.924449360874168,beta 0 hat,23
2.943889119459891,beta 1 hat,23
1.9318214692478175,beta 0 hat,22
2.934786829046443,beta 1 hat,22
1.92171391892558,beta 0 hat,21
2.9593108770408527,beta 1 hat,21
1.932891820958115,beta 0 hat,20
2.9645041664609146,beta 1 hat,20
1.9025304748846092,beta 0 hat,19
2.9432241542601107,beta 1 hat,19
1.9101018351766827,beta 0 hat,18
2.939030681333984,beta 1 hat,18
1.9356812092713773,beta 0 hat,17
2.9566158522274293,beta 1 hat,17
1.923964502196347,beta 0 hat,16
2.935506567789353,beta 1 hat,16
1.9490276269032902,beta 0 hat,15
2.9228869894518876,beta 1 hat,15
1.938855731546902,beta 0 hat,14
2.932695512556828,beta 1 hat,14
1.9021639353477249,beta 0 hat,13
2.9412579095638387,beta 1 hat,13
1.893087091196317,beta 0 hat,12
2.980932698484348,beta 1 hat,12
1.8815200135112846,beta 0 hat,11
3.0146728819834205,beta 1 hat,11
1.795262041982663,beta 0 hat,10
2.9694965181928104,beta 1 hat,10
1.787768548348299,beta 0 hat,9
2.986112778438959,beta 1 hat,9
1.808824460313217,beta 0 hat,8
2.961893490260731,beta 1 hat,8
1.8700438577969385,beta 0 hat,7
2.9636591371004153,beta 1 hat,7
1.752711842208157,beta 0 hat,6
3.0326606246541403,beta 1 hat,6
1.7129051108347528,beta 0 hat,5
3.0495670445381142,beta 1 hat,5
1.7101552079627202,beta 0 hat,4
3.048306274775239,beta 1 hat,4
1.6707188475964383,beta 0 hat,3
2.931572316741721,beta 1 hat,3
1.6124420164179418,beta 0 hat,2
2.9483830182218407,beta 1 hat,2
1.5164598678935028,beta 0 hat,1
2.8533744717136544,beta 1 hat,1
